{
  "best_model": "svm",
  "best_accuracy": 0.9666666666666667,
  "all_results": {
    "logistic_regression": {
      "model_name": "logistic_regression",
      "accuracy": 0.9333333333333333,
      "precision": 0.9333333333333333,
      "recall": 0.9333333333333333,
      "f1_score": 0.9333333333333333
    },
    "random_forest": {
      "model_name": "random_forest",
      "accuracy": 0.9,
      "precision": 0.9023569023569024,
      "recall": 0.9,
      "f1_score": 0.8997493734335839
    },
    "svm": {
      "model_name": "svm",
      "accuracy": 0.9666666666666667,
      "precision": 0.9696969696969696,
      "recall": 0.9666666666666667,
      "f1_score": 0.9665831244778613
    }
  },
  "model_ranking": [
    [
      "svm",
      {
        "model_name": "svm",
        "accuracy": 0.9666666666666667,
        "precision": 0.9696969696969696,
        "recall": 0.9666666666666667,
        "f1_score": 0.9665831244778613
      }
    ],
    [
      "logistic_regression",
      {
        "model_name": "logistic_regression",
        "accuracy": 0.9333333333333333,
        "precision": 0.9333333333333333,
        "recall": 0.9333333333333333,
        "f1_score": 0.9333333333333333
      }
    ],
    [
      "random_forest",
      {
        "model_name": "random_forest",
        "accuracy": 0.9,
        "precision": 0.9023569023569024,
        "recall": 0.9,
        "f1_score": 0.8997493734335839
      }
    ]
  ]
}