{
  "model_name": "random_forest",
  "accuracy": 0.9,
  "precision": 0.9023569023569024,
  "recall": 0.9,
  "f1_score": 0.8997493734335839
}